doc_0	big_l_Fed_Up_With_the_Bullshit.txt
doc_1	big_l_All_Black.txt
doc_2	big_l_Street_Struck.txt
doc_3	big_l_M_V_P_.txt
doc_4	big_l_No_Endz__No_Skinz.txt
doc_5	big_l_Let__Em_Have_It__L_.txt
doc_6	big_l_8_Iz_Enuff.txt
doc_7	big_l_Put_it_On.txt
doc_8	big_l_I_Don_t_Understand_It.txt
doc_9	big_l_Lifestylez_Ov_Da_Poor___Dangerous.txt
doc_10	big_l_Danger_Zone.txt
doc_11	big_l_Da_Graveyard.txt
doc_12	beastie_boys_Live_At_P_J__s.txt
doc_13	beastie_boys_The_Biz_Vs__The_Nuge.txt
doc_14	beastie_boys_Mark_On_The_Bus.txt
doc_15	beastie_boys_Stand_Together.txt
doc_16	beastie_boys_Professor_Booty.txt
doc_17	beastie_boys_Pass_The_Mic.txt
doc_18	beastie_boys_In_3_s.txt
doc_19	beastie_boys_Gratitude.txt
doc_20	beastie_boys_Namaste.txt
doc_21	beastie_boys_So_What_cha_Want.txt
doc_22	beastie_boys_The_Blue_Nun.txt
doc_23	beastie_boys_Something_s_Got_To_Give.txt
doc_24	beastie_boys_Funky_Boss.txt
doc_25	beastie_boys_Finger_Lickin__Good.txt
doc_26	beastie_boys_Netty_s_Girl.txt
doc_27	beastie_boys_Time_For_Livin_.txt
doc_28	beastie_boys_Drunken_Praying_Mantis_Style.txt
doc_29	beastie_boys_Lighten_Up.txt
doc_30	beastie_boys_Pow.txt
doc_31	beastie_boys_The_Maestro.txt
doc_32	beastie_boys_Jimmy_James.txt
doc_33	beastie_boys_Skills_To_Pay_The_Bills.txt
doc_34	beastie_boys_Just_A_Test.txt
doc_35	beastie_boys_Three_MC_s_And_One_DJ.txt
doc_36	beastie_boys_I_Don_t_Know.txt
doc_37	beastie_boys_Flowin__Prose.txt
doc_38	beastie_boys_Putting_Shame_In_Your_Game.txt
doc_39	beastie_boys_The_Negotiation_Limerick_File.txt
doc_40	beastie_boys_Dedication.txt
doc_41	beastie_boys_Picture_This.txt
doc_42	beastie_boys_Body_Movin_.txt
doc_43	beastie_boys_Instant_Death.txt
doc_44	beastie_boys_Song_For_Junior.txt
doc_45	beastie_boys_And_Me.txt
doc_46	beastie_boys_The_Grasshopper_Unit__Keep_Movin__.txt
doc_47	beastie_boys_Intergalactic.txt
doc_48	beastie_boys_Unite.txt
doc_49	beastie_boys_Song_For_The_Man.txt
doc_50	beastie_boys_Remote_Control.txt
doc_51	beastie_boys_Electrify.txt
doc_52	beastie_boys_Super_Disco_Breakin_.txt
doc_53	beastie_boys_The_Move.txt
doc_54	beastie_boys_Dr__Lee__PhD.txt
doc_55	beastie_boys_Root_Down.txt
doc_56	beastie_boys_B_Boys_Makin__With_The_Freak_Freak.txt
doc_57	beastie_boys_Sure_Shot.txt
doc_58	beastie_boys_The_Scoop.txt
doc_59	beastie_boys_Bodhisattva_Vow.txt
doc_60	beastie_boys_Get_It_Together.txt
doc_61	beastie_boys_Get_It_Together__Buck_Wild_Remix_.txt
doc_62	beastie_boys_Resolution_Time.txt
doc_63	beastie_boys_Heart_Attack_Man.txt
doc_64	beastie_boys_The_Update.txt
doc_65	beastie_boys_The_Vibes.txt
doc_66	beastie_boys_Flute_Loop.txt
doc_67	beastie_boys_Sabotage.txt
doc_68	beastie_boys_Root_Down___Free_Zone_Mix___Prunes.txt
doc_69	beastie_boys_Alright_Hear_This.txt
doc_70	beastie_boys_Mullet_Head.txt
doc_71	beastie_boys_Tough_Guy.txt
doc_72	beastie_boys_Do_It.txt
doc_73	beastie_boys_Heart_Attack_Man___Unplugged.txt
doc_74	beastie_boys_Dope_Little_Song.txt
doc_75	beastie_boys_Futterman_s_Rule.txt
doc_76	beastie_boys_Looking_Down_The_Barrel_of_a_Gun.txt
doc_77	beastie_boys_To_All_The_Girls.txt
doc_78	beastie_boys_3_Minute_Rule_2.txt
doc_79	beastie_boys_The_Sounds_Of_Science_2.txt
doc_80	beastie_boys_Egg_Man_2.txt
doc_81	beastie_boys_Ask_For_Janice.txt
doc_82	beastie_boys_Shake_Your_Rump.txt
doc_83	beastie_boys_33__God.txt
doc_84	beastie_boys_5_Piece_Chicken_Dinner_2.txt
doc_85	beastie_boys_High_Plains_Drifter.txt
doc_86	beastie_boys_5_Piece_Chicken_Dinner.txt
doc_87	beastie_boys_The_Sounds_Of_Science.txt
doc_88	beastie_boys_High_Plains_Drifter_2.txt
doc_89	beastie_boys_Dis_Yourself_In__89__Just_Do_It_.txt
doc_90	beastie_boys_B_Boy_Bouillabaisse.txt
doc_91	beastie_boys_3_Minute_Rule.txt
doc_92	beastie_boys_Car_Thief.txt
doc_93	beastie_boys_Hey_Ladies.txt
doc_94	beastie_boys_To_All_The_Girls_2.txt
doc_95	beastie_boys_Johnny_Ryall.txt
doc_96	beastie_boys_Egg_Man.txt
doc_97	beastie_boys_Hey_Ladies_2.txt
doc_98	beastie_boys_Shadrach.txt
doc_99	beastie_boys_Shake_Your_Rump_2.txt
doc_100	beastie_boys_Johnny_Ryall_2.txt
doc_101	beastie_boys_What_Comes_Around.txt
doc_102	beastie_boys_Looking_Down_The_Barrel_of_a_Gun_2.txt
doc_103	a_tribe_called_quest_Seperate_Together.txt
doc_104	a_tribe_called_quest_Stressed_Out.txt
doc_105	a_tribe_called_quest_Motivators.txt
doc_106	a_tribe_called_quest_Get_A_Hold.txt
doc_107	a_tribe_called_quest_Baby_Phife_s_Return.txt
doc_108	a_tribe_called_quest_Crew.txt
doc_109	a_tribe_called_quest_Keeping_It_Moving.txt
doc_110	a_tribe_called_quest_Word_Play.txt
doc_111	a_tribe_called_quest_Mind_Power.txt
doc_112	a_tribe_called_quest_What_Really_Goes_On.txt
doc_113	a_tribe_called_quest_The_Hop.txt
doc_114	a_tribe_called_quest_Jam.txt
doc_115	a_tribe_called_quest_The_Pressure.txt
doc_116	a_tribe_called_quest_1nce_Again.txt
doc_117	a_tribe_called_quest_Phony_Rappers.txt
doc_118	a_tribe_called_quest_Everything_is_Fair.txt
doc_119	a_tribe_called_quest_Scenario.txt
doc_120	a_tribe_called_quest_Verses_from_the_Abstract.txt
doc_121	a_tribe_called_quest_Rap_Promoter.txt
doc_122	a_tribe_called_quest_Butter.txt
doc_123	a_tribe_called_quest_Skypager.txt
doc_124	a_tribe_called_quest_Check_the_Rhime.txt
doc_125	a_tribe_called_quest_Excursions.txt
doc_126	a_tribe_called_quest_Vibes_and_Stuff.txt
doc_127	a_tribe_called_quest_Buggin__Out.txt
doc_128	a_tribe_called_quest_Show_Business.txt
doc_129	a_tribe_called_quest_The_Infamous_Date_Rape.txt
doc_130	a_tribe_called_quest_What_.txt
doc_131	a_tribe_called_quest_Jazz__We_Got_the____.txt
doc_132	a_tribe_called_quest_Luck_of_Lucien.txt
doc_133	a_tribe_called_quest_Description_Of_A_Fool.txt
doc_134	a_tribe_called_quest_Youthful_Expression.txt
doc_135	a_tribe_called_quest_Rhythm__Devoted_to_the_Art_of_Moving_Butts_.txt
doc_136	a_tribe_called_quest_Ham_n__Eggs.txt
doc_137	a_tribe_called_quest_Go_Ahead_in_the_Rain.txt
doc_138	a_tribe_called_quest_Push_It_Along.txt
doc_139	a_tribe_called_quest_Bonita_Applebum.txt
doc_140	a_tribe_called_quest_After_Hours.txt
doc_141	a_tribe_called_quest_Pubic_Enemy.txt
doc_142	a_tribe_called_quest_Can_I_Kick_It_.txt
doc_143	a_tribe_called_quest_I_Left_My_Wallet_in_El_Segundo.txt
doc_144	a_tribe_called_quest_Mr__Muhammad.txt
doc_145	a_tribe_called_quest_Footprints.txt
doc_146	a_tribe_called_quest_God_Lives_Through.txt
doc_147	a_tribe_called_quest_Midnight_Marauders_Tour_Guide.txt
doc_148	a_tribe_called_quest_We_Can_Get_Down.txt
doc_149	a_tribe_called_quest_Midnight.txt
doc_150	a_tribe_called_quest_Sucka_Nigga.txt
doc_151	a_tribe_called_quest_Lyrics_To_Go.txt
doc_152	a_tribe_called_quest_Award_Tour.txt
doc_153	a_tribe_called_quest_Steve_Biko__Stir_It_Up_.txt
doc_154	a_tribe_called_quest_Oh_My_God.txt
doc_155	a_tribe_called_quest_Keep_It_Rollin_.txt
doc_156	a_tribe_called_quest_The_Chase_Pt__II.txt
doc_157	a_tribe_called_quest_8_Million_Stories.txt
doc_158	a_tribe_called_quest_Clap_Your_Hands.txt
doc_159	a_tribe_called_quest_Electric_Relaxation.txt
doc_160	run-dmc_For_10_Years.txt
doc_161	run-dmc_Can_I_Get_A_Witness.txt
doc_162	run-dmc_Hit__Em_Hard.txt
doc_163	run-dmc_Big_Willie.txt
doc_164	run-dmc_Down_With_The_King.txt
doc_165	run-dmc_Wreck_Shop.txt
doc_166	run-dmc_3_In_The_Head.txt
doc_167	run-dmc_Can_I_Get_it__Yo.txt
doc_168	run-dmc_Ooh__Whatcha_Gonna_Do.txt
doc_169	run-dmc_Get_Open.txt
doc_170	run-dmc_Three_Little_Indians.txt
doc_171	run-dmc_In_The_House.txt
doc_172	run-dmc_Come_On_Everybody.txt
doc_173	run-dmc_What_s_Next.txt
doc_174	run-dmc_To_The_Maker.txt
doc_175	run-dmc_Soul_To_Rock_And_Roll.txt
doc_176	run-dmc_Mary__Mary.txt
doc_177	run-dmc_Papa_Crazy.txt
doc_178	run-dmc_Run_s_House.txt
doc_179	run-dmc_Ragtime.txt
doc_180	run-dmc_Tougher_Than_Leather.txt
doc_181	run-dmc_Beats_To_The_Rhyme.txt
doc_182	run-dmc_They_Call_Us_Run_D_M_C_.txt
doc_183	run-dmc_I_m_Not_Going_Out_Like_That.txt
doc_184	run-dmc_Miss_Elaine.txt
doc_185	run-dmc_How_d_Ya_Do_It_Dee.txt
doc_186	run-dmc_Radio_Station.txt
doc_187	run-dmc_Bob_Your_Head.txt
doc_188	run-dmc_Naughty.txt
doc_189	run-dmc_Groove_To_The_Sound.txt
doc_190	run-dmc_Sucker_D_J__s.txt
doc_191	run-dmc_Don_t_Stop.txt
doc_192	run-dmc_What_s_It_All_About_.txt
doc_193	run-dmc_The_Ave_.txt
doc_194	run-dmc_Word_Is_Born.txt
doc_195	run-dmc_Party_Time.txt
doc_196	run-dmc_Kick_The_Frama_Lama_Lama.txt
doc_197	run-dmc_Back_From_Hell.txt
doc_198	run-dmc_P_Upon_A_Tree.txt
doc_199	run-dmc_Livin__In_The_City.txt
doc_200	run-dmc_Not_Just_Another_Groove.txt
doc_201	run-dmc_Pause.txt
doc_202	run-dmc_Faces.txt
doc_203	the_notorious_big_Things_Done_Changed.txt
doc_204	the_notorious_big_Who_Shot_Ya_.txt
doc_205	the_notorious_big_Big_Poppa.txt
doc_206	the_notorious_big_Intro.txt
doc_207	the_notorious_big_Warning.txt
doc_208	the_notorious_big_Fuck_Me__Interlude_.txt
doc_209	the_notorious_big_Me___My_Bitch.txt
doc_210	the_notorious_big_Juicy.txt
doc_211	the_notorious_big_Everyday_Struggle.txt
doc_212	the_notorious_big_The_What.txt
doc_213	the_notorious_big_One_More_Chance.txt
doc_214	the_notorious_big_Just_Playing__Dreams_.txt
doc_215	the_notorious_big_Machine_Gun_Funk.txt
doc_216	the_notorious_big_Friend_Of_Mine.txt
doc_217	the_notorious_big_Suicidal_Thoughts.txt
doc_218	the_notorious_big_Gimme_The_Loot.txt
doc_219	the_notorious_big_Unbelieveable.txt
doc_220	the_notorious_big_Ready_To_Die.txt
doc_221	the_notorious_big_Respect.txt
doc_222	jay-z_Friend_Or_Foe__98.txt
doc_223	jay-z_Intro___A_Million_And_One_Questions___Rhyme_No_More.txt
doc_224	jay-z_Lucky_Me.txt
doc_225	jay-z_Who_You_Wit_II.txt
doc_226	jay-z_Face_Off.txt
doc_227	jay-z_Where_I_m_From.txt
doc_228	jay-z_The_City_Is_Mine.txt
doc_229	jay-z_Real_Niggaz.txt
doc_230	jay-z_Sunshine.txt
doc_231	jay-z_I_Know_What_Girls_Like.txt
doc_232	jay-z_You_Must_Love_Me.txt
doc_233	jay-z_Imaginary_Player.txt
doc_234	jay-z_Rap_Game___Crack_Game.txt
doc_235	jay-z_The_Streets_Is_Watching.txt
doc_236	jay-z_Reservoir_Dogs.txt
doc_237	jay-z_Can_I_Get_A___.txt
doc_238	jay-z_It_s_Alright.txt
doc_239	jay-z_If_I_Should_Die.txt
doc_240	jay-z_Money_Ain_t_A_Thang.txt
doc_241	jay-z_Intro___Hand_It_Down.txt
doc_242	jay-z_Hard_Knock_Life__Ghetto_Anthem_.txt
doc_243	jay-z_Money__Cash__Hoes.txt
doc_244	jay-z_Ride_Or_Die.txt
doc_245	jay-z_Paper_Chase.txt
doc_246	jay-z_A_Week_Ago.txt
doc_247	jay-z_It_s_Like_That.txt
doc_248	jay-z_Coming_Of_Age__Da_Sequel_.txt
doc_249	jay-z_Nigga_What__Nigga_Who__Originator__99_.txt
doc_250	jay-z_Can_t_Knock_The_Hustle.txt
doc_251	jay-z_Regrets.txt
doc_252	jay-z_Bring_It_On.txt
doc_253	jay-z_Politics_As_Usual.txt
doc_254	jay-z_Brooklyn_s_Finest.txt
doc_255	jay-z_22_Two_s.txt
doc_256	jay-z_Feelin_It.txt
doc_257	jay-z_Cashmere_Thoughts.txt
doc_258	jay-z_Can_I_Live.txt
doc_259	jay-z_Dead_Presidents_II.txt
doc_260	jay-z_Ain_t_No_Nigga.txt
doc_261	jay-z_D_Evils.txt
doc_262	jay-z_Friend_Or_Foe.txt
doc_263	jay-z_Can_I_Live_II.txt
doc_264	jay-z_Coming_Of_Age.txt
doc_265	nas_Shootouts.txt
doc_266	nas_The_Set_Up.txt
doc_267	nas_If_I_Ruled_The_World.txt
doc_268	nas_Nas_Is_Coming.txt
doc_269	nas_Street_Dreams.txt
doc_270	nas_Suspect.txt
doc_271	nas_The_Message.txt
doc_272	nas_Take_It_In_Blood.txt
doc_273	nas_I_Gave_You_Power.txt
doc_274	nas_Album_Intro.txt
doc_275	nas_Live_Nigga_Rap.txt
doc_276	nas_Affirmative_Action.txt
doc_277	nas_Watch_Dem_Niggas.txt
doc_278	nas_Silent_Murder.txt
doc_279	nas_Black_Girl_Lost.txt
doc_280	nas_One_Time_4_Your_Mind.txt
doc_281	nas_The_Genesis.txt
doc_282	nas_One_Love.txt
doc_283	nas_Memory_Lane__Sittin__In_Da_Park_.txt
doc_284	nas_The_World_Is_Yours.txt
doc_285	nas_It_Ain_t_Hard_To_Tell.txt
doc_286	nas_Life_s_A_Bitch.txt
doc_287	nas_Represent.txt
doc_288	nas_N_Y__State_Of_Mind.txt
doc_289	nas_Halftime.txt
doc_290	ll_cool_j_On_The_Ill_Tip.txt
doc_291	ll_cool_j_Ahh__Let_s_Get_Ill.txt
doc_292	ll_cool_j_Get_Down.txt
doc_293	ll_cool_j_Kanday.txt
doc_294	ll_cool_j_My_Rhyme_Ain_t_Done.txt
doc_295	ll_cool_j__357_Break_It_On_Down.txt
doc_296	ll_cool_j_The_Do_Wop.txt
doc_297	ll_cool_j_The_Bristol_Hotel.txt
doc_298	ll_cool_j_The_Breakthrough.txt
doc_299	ll_cool_j_I_m_Bad.txt
doc_300	ll_cool_j_I_Need_Love.txt
doc_301	ll_cool_j_Go_Cut_Creator_Go.txt
doc_302	ll_cool_j_Funkadelic_Relic.txt
doc_303	ll_cool_j_Diggy_Down.txt
doc_304	ll_cool_j_Crossroads.txt
doc_305	ll_cool_j_Soul_Survivor.txt
doc_306	ll_cool_j_Pink_Cookies_In_A_Plastic_Bag_Getting_Crushed_By_Buildings.txt
doc_307	ll_cool_j_Straight_From_Queens.txt
doc_308	ll_cool_j__NFA__No_Frontin_Allowed.txt
doc_309	ll_cool_j_A_Little_Somethin_.txt
doc_310	ll_cool_j_How_I_m_Comin_.txt
doc_311	ll_cool_j_Back_Seat.txt
doc_312	ll_cool_j_Stand_By_Your_Man.txt
doc_313	ll_cool_j_Ain_t_No_Stoppin__This.txt
doc_314	ll_cool_j_Buckin__Em_Down.txt
doc_315	ll_cool_j_All_We_Got_Left_Is_The_Beat.txt
doc_316	ll_cool_j_Hip_Hop.txt
doc_317	ll_cool_j_God_Bless.txt
doc_318	ll_cool_j_I_Shot_Ya__Remix_.txt
doc_319	ll_cool_j_Hollis_To_Hollywood.txt
doc_320	ll_cool_j_Make_It_Hot.txt
doc_321	ll_cool_j_Get_Da_Drop_On_Em.txt
doc_322	ll_cool_j_Loungin.txt
doc_323	ll_cool_j_Life_As.txt
doc_324	ll_cool_j_The_Intro__Skit_.txt
doc_325	ll_cool_j_Mr__Smith.txt
doc_326	ll_cool_j_No_Airplay.txt
doc_327	ll_cool_j_Doin_It.txt
doc_328	ll_cool_j_I_Shot_Ya.txt
doc_329	ll_cool_j_Papa_Luv_It_a_k_a_Poppa_Luv_It.txt
doc_330	ll_cool_j_Hey_Lover.txt
doc_331	ll_cool_j_One_Shot_At_Love.txt
doc_332	ll_cool_j_Jingling_Baby.txt
doc_333	ll_cool_j_Jealous.txt
doc_334	ll_cool_j_Def_Jam_In_The_Motherland.txt
doc_335	ll_cool_j_Crime_Stories.txt
doc_336	ll_cool_j_Big_Ole_Butt.txt
doc_337	ll_cool_j_You_re_My_Heart.txt
doc_338	ll_cool_j_Change_Your_Ways.txt
doc_339	ll_cool_j_Nitro.txt
doc_340	ll_cool_j_It_Gets_No_Rougher.txt
doc_341	ll_cool_j_Why_Do_You_Think_They_Call_It_Dope_.txt
doc_342	ll_cool_j_Jack_The_Ripper.txt
doc_343	ll_cool_j_Going_Back_To_Cali.txt
doc_344	ll_cool_j_Fast_Peg.txt
doc_345	ll_cool_j_Droppin_Em.txt
doc_346	ll_cool_j_Two_Different_Worlds.txt
doc_347	ll_cool_j_I_m_That_Type_Of_Guy.txt
doc_348	ll_cool_j_Smokin__Dopin_.txt
doc_349	ll_cool_j_1_900_L_L__Cool_J.txt
doc_350	ll_cool_j_Clap_Your_Hands.txt
doc_351	ll_cool_j_Strictly_Business.txt
doc_352	ll_cool_j_Around_The_Way_Girl.txt
doc_353	ll_cool_j_Illegal_Search.txt
doc_354	ll_cool_j_Mr__Good_Bar.txt
doc_355	ll_cool_j_The_Power_Of_God.txt
doc_356	ll_cool_j_Mama_Said_Knock_You_Out.txt
doc_357	ll_cool_j_Murdergram.txt
doc_358	ll_cool_j_Cheesy_Rat_Blues.txt
doc_359	ll_cool_j_Jingling_Baby__Remixed_But_Still_Jingling_.txt
doc_360	ll_cool_j_Farmers_Blvd___Our_Anthem_.txt
doc_361	ll_cool_j_The_Boomin__System.txt
doc_362	ll_cool_j_To_Da_Break_Of_Dawn.txt
doc_363	ll_cool_j_Eat__Em_Up_L_Chill.txt
doc_364	ll_cool_j_6_Minutes_Of_Pleasure.txt
doc_365	ll_cool_j_Milky_Cereal.txt
doc_366	mobb_deep_Apostle_s_Warning.txt
doc_367	mobb_deep_Man_Down.txt
doc_368	mobb_deep_Bloodsport.txt
doc_369	mobb_deep_Hell_On_Earth__Front_Lines_.txt
doc_370	mobb_deep_Still_Shinin_.txt
doc_371	mobb_deep_Extortion.txt
doc_372	mobb_deep_Can_t_Get_Enough_Of_It.txt
doc_373	mobb_deep_Give_It_Up_Fast.txt
doc_374	mobb_deep_Get_Dealt_With.txt
doc_375	mobb_deep_Nighttime_Vultures.txt
doc_376	mobb_deep_More_Trife_Life.txt
doc_377	mobb_deep_G_O_D__Pt__III.txt
doc_378	mobb_deep_Drop_A_Gem_On__Em.txt
doc_379	mobb_deep_Animal_Instinct.txt
doc_380	mobb_deep_Survival_Of_The_Fittest.txt
doc_381	mobb_deep_Eye_For_An_Eye__Your_Beef_Is_Mines_.txt
doc_382	mobb_deep_Temperature_s_Rising.txt
doc_383	mobb_deep_Trife_Life.txt
doc_384	mobb_deep_Give_Up_The_Goods__Just_Step_.txt
doc_385	mobb_deep_Q_U__Hectic.txt
doc_386	mobb_deep_Shook_Ones_Pt__II.txt
doc_387	mobb_deep_Cradle_To_The_Grave.txt
doc_388	mobb_deep_Right_Back_At_You.txt
doc_389	mobb_deep_Party_Over.txt
doc_390	mobb_deep_Up_North_Trip.txt
doc_391	mobb_deep_The_Start_Of_Your_Ending__41st_Side_.txt
doc_392	mobb_deep__Just_Step_Prelude_.txt
doc_393	mobb_deep_Drink_Away_The_Pain__Situations_.txt
doc_394	mobb_deep_Hit_It_From_The_Back.txt
doc_395	mobb_deep_Locked_In_Spofford.txt
doc_396	mobb_deep_Bitch_Ass_Nigga.txt
doc_397	mobb_deep_Intro.txt
doc_398	mobb_deep_Me___My_Crew.txt
doc_399	mobb_deep_Peer_Pressure__The_Large_Professor_Remix_.txt
doc_400	mobb_deep_Stomp_Em_Out.txt
doc_401	mobb_deep_Peer_Pressure.txt
doc_402	mobb_deep_Flavor_For_The_Non_Believes.txt
doc_403	mobb_deep_Hold_Down_The_Fort.txt
doc_404	mobb_deep_Skit__2.txt
doc_405	mobb_deep_Project_Hallways.txt
doc_406	erikb_&_rakim_Paid_In_Full.txt
doc_407	erikb_&_rakim_My_Melody.txt
doc_408	erikb_&_rakim_As_The_Rhyme_Goes_On.txt
doc_409	erikb_&_rakim_Eric_B_Is_President.txt
doc_410	erikb_&_rakim_I_Know_You_Got_Soul.txt
doc_411	erikb_&_rakim_Move_The_Crowd.txt
doc_412	erikb_&_rakim_I_Ain_t_No_Joke.txt
doc_413	erikb_&_rakim_Chinese_Arithmetic.txt
doc_414	erikb_&_rakim_Set__Em_Straight.txt
doc_415	erikb_&_rakim_In_The_Ghetto.txt
doc_416	erikb_&_rakim_Mahogany.txt
doc_417	erikb_&_rakim_Untouchables.txt
doc_418	erikb_&_rakim_Let_The_Rhythm_Hit__em__12_Vocal_Version_Remix_.txt
doc_419	erikb_&_rakim_Step_Back.txt
doc_420	erikb_&_rakim_Run_For_Cover.txt
doc_421	erikb_&_rakim_Let_The_Rhythm_Hit_Em.txt
doc_422	erikb_&_rakim_Keep__em_Eager_To_Listen.txt
doc_423	erikb_&_rakim_No_Omega.txt
doc_424	erikb_&_rakim_What_s_On_Your_Mind_.txt
doc_425	erikb_&_rakim_Rest_Assured.txt
doc_426	erikb_&_rakim_Relax_With_Pep.txt
doc_427	erikb_&_rakim_Teach_The_Children.txt
doc_428	erikb_&_rakim_Kick_Along.txt
doc_429	erikb_&_rakim_What_s_Going_On_.txt
doc_430	erikb_&_rakim_The_Punisher.txt
doc_431	erikb_&_rakim_Casualties_Of_War.txt
doc_432	erikb_&_rakim_Know_The_Ledge__Juice_.txt
doc_433	erikb_&_rakim_Pass_The_Hand_Grenade.txt
doc_434	erikb_&_rakim_Don_t_Sweat_The_Technique.txt
doc_435	erikb_&_rakim_Keep_The_Beat.txt
doc_436	erikb_&_rakim_Lyrics_Of_Fury.txt
doc_437	erikb_&_rakim_Follow_The_Leader.txt
doc_438	erikb_&_rakim_Put_Your_Hands_Together.txt
doc_439	erikb_&_rakim_Microphone_Fiend.txt
doc_440	erikb_&_rakim_Eric_B__Never_Scared.txt
doc_441	erikb_&_rakim_Musical_Massacre.txt
doc_442	erikb_&_rakim_The_R.txt
doc_443	erikb_&_rakim_No_Competition.txt
doc_444	erikb_&_rakim_To_The_Listeners.txt
doc_445	public_enemy_Terminator_X_To_The_Edge_Of_Panic.txt
doc_446	public_enemy_Party_For_Your_Right_To_Fight.txt
doc_447	public_enemy_Louder_Than_A_Bomb.txt
doc_448	public_enemy_Mind_Terrorist.txt
doc_449	public_enemy_Prophets_Of_Rage.txt
doc_450	public_enemy_Night_Of_The_Living_Basheads.txt
doc_451	public_enemy_Reggie_Jax.txt
doc_452	public_enemy_She_Watch_Channel_Zero__.txt
doc_453	public_enemy_Black_Steel_In_The_Hour_Of_Chaos.txt
doc_454	public_enemy_Don_t_Believe_The_Hype.txt
doc_455	public_enemy_Cold_Lampin__With_Flavor.txt
doc_456	public_enemy_Show_Em_Whatcha_Got.txt
doc_457	public_enemy_Rebel_Without_A_Pause.txt
doc_458	public_enemy_Bring_The_Noise.txt
doc_459	public_enemy_Caught__Can_We_Get_A_Witness_.txt
doc_460	public_enemy_911_Is_A_Joke.txt
doc_461	public_enemy_B_Side_Wins_Again.txt
doc_462	public_enemy_Welcome_To_The_Terrordome.txt
doc_463	public_enemy_Revolutionary_Generation.txt
doc_464	public_enemy_Power_To_The_People.txt
doc_465	public_enemy_Anti_Nigger_Machine.txt
doc_466	public_enemy_Fear_Of_A_Black_Planet.txt
doc_467	public_enemy_Fight_The_Power.txt
doc_468	public_enemy_Pollywanacraka.txt
doc_469	public_enemy_War_At_33_1_3.txt
doc_470	public_enemy_Burn_Hollywood_Burn.txt
doc_471	public_enemy_Meet_The_G_That_Killed_Me.txt
doc_472	public_enemy_Can_t_Do_Nuttin__For_Ya_Man.txt
doc_473	public_enemy_Who_Stole_The_Soul.txt
doc_474	public_enemy_Brothers_Gonna_Work_It_Out.txt
doc_475	public_enemy_You_re_Gonna_Get_Yours.txt
doc_476	public_enemy_Miuzi_Weighs_A_Ton.txt
doc_477	public_enemy_Raise_The_Roof.txt
doc_478	public_enemy_Public_Enemy_No__1.txt
doc_479	public_enemy_Timebomb.txt
doc_480	public_enemy_Sophisticated_Bitch.txt
doc_481	public_enemy_Yo__Bumrush_The_Show.txt
doc_482	public_enemy_Megablast.txt
doc_483	public_enemy_MPE.txt
doc_484	public_enemy_Too_Much_Posse.txt
doc_485	public_enemy_Terminator_X_Speaks_With_His_Hands.txt
doc_486	public_enemy_Righstarter__Message_To_A_Black_Man_.txt
doc_487	public_enemy_I_Ain_t_Mad_At_All.txt
doc_488	public_enemy_Godd_Complexx.txt
doc_489	public_enemy_Hitler_Day.txt
doc_490	public_enemy_Thin_Line_Between_Law_And_Rape.txt
doc_491	public_enemy_They_Used_To_Call_It_Dope.txt
doc_492	public_enemy_Stop_In_The_Name___.txt
doc_493	public_enemy_Give_It_Up.txt
doc_494	public_enemy_Bedlam_13_13.txt
doc_495	public_enemy_Death_Of_A_Carjacka.txt
doc_496	public_enemy_Live_And_Undrugged_Pt__1___2.txt
doc_497	public_enemy_Whole_Lotta_Love_Goin_On_In_The_Middle_Of_Hell.txt
doc_498	public_enemy_What_Side_You_On_.txt
doc_499	public_enemy_White_Heaven___Black_Hell.txt
doc_500	public_enemy_What_Kind_Of_Power_We_Got_.txt
doc_501	public_enemy_So_Whatcha_Gone_Do_Now_.txt
doc_502	public_enemy_Race_Against_Time.txt
doc_503	public_enemy_I_Stand_Accused.txt
doc_504	public_enemy_Livin_In_A_Zoo__Remix_.txt
doc_505	public_enemy_Ain_tnuttin_Buttersong.txt
doc_506	public_enemy_By_The_Time_I_Get_To_Arizona.txt
doc_507	public_enemy_Move.txt
doc_508	public_enemy_A_Letter_To_The_New_York_Post.txt
doc_509	public_enemy_1_Million_Bottlebags.txt
doc_510	public_enemy_Rebirth.txt
doc_511	public_enemy_Get_The_Fck_Outta_Dodge.txt
doc_512	public_enemy_How_To_Kill_A_Radio_Consultant.txt
doc_513	public_enemy_I_Dont_Wanna_Be_Called_Yo_Niga.txt
doc_514	public_enemy_More_News_At_11.txt
doc_515	public_enemy_Nighttrain.txt
doc_516	public_enemy_Can_t_Truss_It.txt
doc_517	public_enemy_Lost_At_Birth.txt
doc_518	public_enemy_Bring_Tha_Noize.txt
doc_519	public_enemy_Shut_Em_Down.txt
doc_520	wu_tang_clan_Protect_Ya_Neck.txt
doc_521	wu_tang_clan_Can_It_Be_All_So_Simple.txt
doc_522	wu_tang_clan_Tearz.txt
doc_523	wu_tang_clan_Shame_On_A_Nigga.txt
doc_524	wu_tang_clan_Wu_Tang_Clan_Ain_t_Nuthing_Ta_F__Wit.txt
doc_525	wu_tang_clan_Conclusion.txt
doc_526	wu_tang_clan_Clan_In_Da_Front.txt
doc_527	wu_tang_clan_Bring_Da_Ruckus.txt
doc_528	wu_tang_clan_Da_Mystery_Of_Chessboxin_.txt
doc_529	wu_tang_clan_Wu_Tang__7th_Chamber.txt
doc_530	wu_tang_clan_C_R_E_A_M_.txt
doc_531	wu_tang_clan_Method_Man.txt
doc_532	wu_tang_clan_Wu_Tang__7th_Chamber___Part_2.txt
doc_533	busta_rhymes_It_s_All_Good.txt
doc_534	busta_rhymes_Intro.txt
doc_535	busta_rhymes_We_Could_Take_It_Outside.txt
doc_536	busta_rhymes_So_Hardcore.txt
doc_537	busta_rhymes_Things_We_Be_Doin__For_Money__Part_One_.txt
doc_538	busta_rhymes_Get_Off_My_Block.txt
doc_539	busta_rhymes_Survival_Hungry.txt
doc_540	busta_rhymes_The_Body_Rock.txt
doc_541	busta_rhymes_Dangerous.txt
doc_542	busta_rhymes_There_s_Not_a_Problem_My_Squad_Can_t_Fix.txt
doc_543	busta_rhymes_The_Whole_World_Lookin__At_Me.txt
doc_544	busta_rhymes_Rhymes_Galore.txt
doc_545	busta_rhymes_Things_We_Be_Doin__For_Money__Part_Two_.txt
doc_546	busta_rhymes_When_Disaster_Strikes.txt
doc_547	busta_rhymes_Put_Your_Hands_Where_My_Eyes_Could_See.txt
doc_548	busta_rhymes_Turn_It_Up.txt
doc_549	busta_rhymes_Get_High_Tonight.txt
doc_550	busta_rhymes_One.txt
doc_551	busta_rhymes_Take_it_Off.txt
doc_552	busta_rhymes_What_s_It_Gonna_Be__.txt
doc_553	busta_rhymes_Party_Is_Goin_On_Over_Here.txt
doc_554	busta_rhymes_Extinction_Level_Event.txt
doc_555	busta_rhymes_Gimme_Some_More.txt
doc_556	busta_rhymes_Against_All_Odds.txt
doc_557	busta_rhymes_Everybody_Rise.txt
doc_558	busta_rhymes_What_The_Fuck_You_Want__.txt
doc_559	busta_rhymes_Where_We_Are_About_To_Take_It.txt
doc_560	busta_rhymes_Hot_Shit_Makin__Ya_Bounce.txt
doc_561	busta_rhymes_Do_It_To_Death.txt
doc_562	busta_rhymes_Just_Give_It_To_Me_Raw.txt
doc_563	busta_rhymes_This_Means_War__.txt
doc_564	busta_rhymes_Do_the_Bus_a_Bus.txt
doc_565	busta_rhymes_Keepin__It_Tight.txt
doc_566	busta_rhymes_Tear_Da_Roof_Off.txt
doc_567	busta_rhymes_Iz_They_Wildin__Wit__Us___Getting__Rowdy_Wit__Us.txt
doc_568	busta_rhymes_Finish_Line.txt
doc_569	busta_rhymes_Flipmode_Squad_Meets_Def_Squad.txt
doc_570	busta_rhymes_Do_My_Thing.txt
doc_571	busta_rhymes_Keep_It_Movin_.txt
doc_572	busta_rhymes_Ill_Vibe.txt
doc_573	busta_rhymes_It_s_A_Party.txt
doc_574	busta_rhymes_Hot_Fudge.txt
doc_575	busta_rhymes_Everything_Remains_Raw.txt
doc_576	busta_rhymes_Woo_Hah___Got_You_All_in_Check.txt
doc_577	busta_rhymes_Abandon_Ship.txt
doc_578	busta_rhymes_Still_Shining.txt
doc_579	de_la_soul_Eye_Patch.txt
doc_580	de_la_soul_En_Focus.txt
doc_581	de_la_soul_3_Days_Later.txt
doc_582	de_la_soul_Paul_s_Revenge.txt
doc_583	de_la_soul_Area.txt
doc_584	de_la_soul_Patti_Dooke.txt
doc_585	de_la_soul_Dave_Has_A_Problem____Seriously.txt
doc_586	de_la_soul_Stone_Age.txt
doc_587	de_la_soul_In_The_Woods.txt
doc_588	de_la_soul_I_Am_I_Be.txt
doc_589	de_la_soul_Long_Island_Wildin_.txt
doc_590	de_la_soul_I_Be_Blowin_.txt
doc_591	de_la_soul_Ego_Trippin___Part_Two_.txt
doc_592	de_la_soul_Sh__Fe__MC_s.txt
doc_593	de_la_soul_Mindstate.txt
doc_594	de_la_soul_Breakadawn.txt
doc_595	de_la_soul_Intro__Buhloone_Mind_State_.txt
doc_596	de_la_soul_Lovely_How_I_Let_My_Mind_Float.txt
doc_597	de_la_soul_Eye_Know.txt
doc_598	de_la_soul_Potholes_In_My_Lawn.txt
doc_599	de_la_soul_Plug_Tunin__Home_Demo_.txt
doc_600	de_la_soul_Take_It_Off.txt
doc_601	de_la_soul_Say_No_Go.txt
doc_602	de_la_soul_A_Little_Bit_Of_Soap.txt
doc_603	de_la_soul_Intro.txt
doc_604	de_la_soul_Plug_Tunin___Original_12_Version_.txt
doc_605	de_la_soul_Can_U_Keep_A_Secret_.txt
doc_606	de_la_soul_Jenifa_Taught_Me__12_Version_.txt
doc_607	de_la_soul_Freedom_Of_Speak__Home_Demo_.txt
doc_608	de_la_soul_Tread_Water.txt
doc_609	de_la_soul_Jenifa_Taught_Me__Derwin_s_Revenge_.txt
doc_610	de_la_soul_Freedom_Of_Speak__We_Got_Three_Minutes_.txt
doc_611	de_la_soul_D_A_I_S_Y__AGE.txt
doc_612	de_la_soul_Transmitting_Live_From_Mars.txt
doc_613	de_la_soul_This_Is_A_Recording_For_Living_In_A_Fulltime_Era__L_I_F_E__.txt
doc_614	de_la_soul_Buddy.txt
doc_615	de_la_soul_Change_In_Speak.txt
doc_616	de_la_soul_Me__Myself_And_I.txt
doc_617	de_la_soul_De_La_Orgee.txt
doc_618	de_la_soul_Do_As_De_La_Does.txt
doc_619	de_la_soul_What_s_More.txt
doc_620	de_la_soul_The_Magic_Number.txt
doc_621	de_la_soul_Ghetto_Thang.txt
doc_622	de_la_soul_Plug_Tunin___Last_Chance_To_Comprehend_.txt
doc_623	de_la_soul_Description.txt
doc_624	de_la_soul_Ain_t_Hip_To_Be_Labelled_A_Hippie.txt
doc_625	de_la_soul_Cool_Breeze_On_The_Rocks.txt
doc_626	de_la_soul_I_Can_Do_Anything__Delacratic_.txt
doc_627	de_la_soul_Baby_Baby_Baby_Baby_Ooh_Baby.txt
doc_628	de_la_soul_Brakes.txt
doc_629	de_la_soul_Dinninit.txt
doc_630	de_la_soul_Dog_Eat_Dog.txt
doc_631	de_la_soul_Pony_Ride.txt
doc_632	de_la_soul_The_Bizness.txt
doc_633	de_la_soul_Betta_Listen.txt
doc_634	de_la_soul_4_More.txt
doc_635	de_la_soul_Yunonstop.txt
doc_636	de_la_soul_Sunshine.txt
doc_637	de_la_soul_Wonce_Again_Long_Island.txt
doc_638	de_la_soul_Long_Island_Degrees.txt
doc_639	de_la_soul_Stakes_Is_High.txt
doc_640	de_la_soul_Down_Syndrome.txt
doc_641	de_la_soul_Intro__Stakes_Is_High_.txt
doc_642	de_la_soul_Big_Brother_Beat.txt
doc_643	de_la_soul_Supa_Emcees.txt
doc_644	de_la_soul_Itsoweezee__HOT_.txt
doc_645	de_la_soul_Let__Let_Me_In.txt
doc_646	de_la_soul_Bitties_In_The_BK_Lounge.txt
doc_647	de_la_soul_A_Roller_Skating_Jam_Named_Saturdays.txt
doc_648	de_la_soul_Skit_1.txt
doc_649	de_la_soul_Pass_The_Plugs.txt
doc_650	de_la_soul_Intro__Da_La_Soal_Is_Dead_.txt
doc_651	de_la_soul_Skit_2.txt
doc_652	de_la_soul_Skit_3.txt
doc_653	de_la_soul_WRMS__Cat_s_In_Control.txt
doc_654	de_la_soul_Oodles_Of_O_s.txt
doc_655	de_la_soul_Skit_4.txt
doc_656	de_la_soul_Skit_5.txt
doc_657	de_la_soul_Fanatic_Of_The_B_Word.txt
doc_658	de_la_soul_Talkin__Bout_Hey_Love.txt
doc_659	de_la_soul_Not_Over_Till_The_Fat_Lady_Plays_The_Demo.txt
doc_660	de_la_soul_Millie_Pulled_A_Pistol_On_Santa.txt
doc_661	de_la_soul_Johnny_s_Dead_AKA_Vincent_Mason__Live_From_The_BK_Lounge_.txt
doc_662	de_la_soul_Afro_Connections_At_A_Hi_5__In_The_Eyes_Of_The_Hoodlum_.txt
doc_663	de_la_soul_Kicked_Out_The_House.txt
doc_664	de_la_soul_Who_Do_U_Worship_.txt
doc_665	de_la_soul_WRMS__Dedication_To_The_Bitty.txt
doc_666	de_la_soul_Keepin_The_Faith.txt
doc_667	de_la_soul_Rap_De_Rap_Show.txt
doc_668	de_la_soul_Pease_Porridge.txt
doc_669	de_la_soul_My_Brother_s_A_Basehead.txt
doc_670	de_la_soul_Shwingalokate.txt
doc_671	de_la_soul_Ring_Ring_Ring__Ha_Ha_Hey_.txt
doc_672	puff_daddy_I_Hear_Voices.txt
doc_673	puff_daddy_Is_This_The_End___Part_Two_.txt
doc_674	puff_daddy_Satisfy_You.txt
doc_675	puff_daddy_I_ll_Do_This_For_You.txt
doc_676	puff_daddy_Best_Friend.txt
doc_677	puff_daddy_Real_Niggas.txt
doc_678	puff_daddy_PE_2000.txt
doc_679	puff_daddy_Fake_Thugs_Dedication.txt
doc_680	puff_daddy_Gangsta_Shit.txt
doc_681	puff_daddy_Journey_Through_The_Life.txt
doc_682	puff_daddy_What_You_Want.txt
doc_683	puff_daddy_Do_You_Like_It__Do_You_Want_It.txt
doc_684	puff_daddy_Angels_With_Dirty_Faces.txt
doc_685	puff_daddy_Reverse.txt
doc_686	puff_daddy_Victory.txt
doc_687	puff_daddy_Been_Around_The_World.txt
doc_688	puff_daddy_Young_G_s.txt
doc_689	puff_daddy_What_You_Gonna_Do_.txt
doc_690	puff_daddy_Can_t_Nobody_Hold_Me_Down.txt
doc_691	puff_daddy_I_Got_The_Power.txt
doc_692	puff_daddy_Is_This_The_End_.txt
doc_693	puff_daddy_Pain.txt
doc_694	puff_daddy_Do_You_Know_.txt
doc_695	puff_daddy_I_ll_Be_Missing_You.txt
doc_696	puff_daddy_I_Love_You_Baby.txt
doc_697	puff_daddy_Don_t_Stop_What_You_re_Doing.txt
doc_698	puff_daddy_Senorita.txt
doc_699	puff_daddy_Friends.txt
doc_700	puff_daddy_It_s_All_About_The_Benjamins__Remix_.txt
doc_701	puff_daddy_No_Way_Out__Intro_.txt
doc_702	puff_daddy_If_I_Should_Die_Tonight__Interlude_.txt
doc_703	puff_daddy_Pain_2.txt
doc_704	gang_starr_Premier___The_Guru.txt
doc_705	gang_starr_No_More_Mr__Nice_Guy.txt
doc_706	gang_starr_Gusto.txt
doc_707	gang_starr_Conscience_Be_Free.txt
doc_708	gang_starr_Manifest.txt
doc_709	gang_starr_Gotch_U.txt
doc_710	gang_starr_Cause_And_Effect.txt
doc_711	gang_starr_Knowledge.txt
doc_712	gang_starr_Jazz_Music.txt
doc_713	gang_starr_2_Steps_Ahead.txt
doc_714	gang_starr_Positivity.txt
doc_715	gang_starr_Positivity__Remix_.txt
doc_716	gang_starr_Words_From_The_Nutcracker.txt
doc_717	gang_starr_Code_Of_The_Streets.txt
doc_718	gang_starr_Blowin__Up_The_Spot.txt
doc_719	gang_starr_The_Planet.txt
doc_720	gang_starr_Comin__For_Datazz.txt
doc_721	gang_starr_Suckas_Need_Bodyguards.txt
doc_722	gang_starr_DWYCK.txt
doc_723	gang_starr_Speak_Ya_Clout.txt
doc_724	gang_starr_F_A_L_A_.txt
doc_725	gang_starr_Now_You_re_Mine.txt
doc_726	gang_starr_Tonz__O__Gunz.txt
doc_727	gang_starr_Mass_Appeal.txt
doc_728	gang_starr_Brainstorm.txt
doc_729	gang_starr_Mostly_Tha_Voice.txt
doc_730	gang_starr_Alongwaytogo.txt
doc_731	gang_starr_The_Meaning_Of_The_Name.txt
doc_732	gang_starr_Beyond_Comprehension.txt
doc_733	gang_starr_Take_A_Rest.txt
doc_734	gang_starr_Say_Your_Prayers.txt
doc_735	gang_starr_Check_The_Technique.txt
doc_736	gang_starr_Street_Ministry.txt
doc_737	gang_starr_Form_Of_Intellect.txt
doc_738	gang_starr_Just_To_Get_A_Rep__LP_version_.txt
doc_739	gang_starr_What_You_Want_This_Time_.txt
doc_740	gang_starr_Here_Today__Gone_Tomorrow.txt
doc_741	gang_starr_Love_Sick.txt
doc_742	gang_starr_As_I_Read_My_S_A.txt
doc_743	gang_starr_Precisely_The_Right_Rhymes.txt
doc_744	gang_starr_Name_Tag__Premier___The_Guru_.txt
doc_745	gang_starr_Execution_Of_A_Chump__No_More_Mr__Nice_Guy_Pt__2_.txt
doc_746	gang_starr_Who_s_Gonna_Take_The_Weight_.txt
doc_747	gang_starr_Step_In_The_Arena.txt
doc_748	gang_starr_Stay_Tuned.txt
doc_749	gang_starr_I_m_The_Man.txt
doc_750	gang_starr_The_Place_Where_We_Dwell.txt
doc_751	gang_starr_Take_It_Personal.txt
doc_752	gang_starr_The_Illest_Brother.txt
doc_753	gang_starr_Conspiracy.txt
doc_754	gang_starr_No_Shame_In_My_Game.txt
doc_755	gang_starr_Flip_The_Script.txt
doc_756	gang_starr_Much_Too_Much__Mack_A_Mil_.txt
doc_757	gang_starr_Ex_Girl_To_Next_Girl.txt
doc_758	gang_starr_Hardcore_Composer.txt
doc_759	gang_starr_B_Y_S_.txt
doc_760	gang_starr_Soliloquy_Of_Chaos.txt
doc_761	gang_starr_Take_Two_And_Pass.txt
doc_762	gang_starr_2_Deep.txt
doc_763	soulsofmischief_That_s_When_Ya_Lost.txt
doc_764	soulsofmischief_Batting_Practice.txt
doc_765	soulsofmischief_93__Til_Infinity.txt
doc_766	soulsofmischief_Outro.txt
doc_767	soulsofmischief_Tell_Me_Who_Profits.txt
doc_768	soulsofmischief_Never_No_More.txt
doc_769	soulsofmischief_Anything_Can_Happen.txt
doc_770	soulsofmischief_What_A_Way_To_Go_Out.txt
doc_771	soulsofmischief_Live_And_Let_Live.txt
doc_772	soulsofmischief_Let__Em_Know.txt
doc_773	soulsofmischief_A_Name_I_Call_Myself.txt
doc_774	soulsofmischief_Make_Your_Mind_Up.txt
doc_775	soulsofmischief_Limitations.txt
doc_776	soulsofmischief_Disseshowedo.txt
doc_777	soulsofmischief_Secret_Service.txt
doc_778	soulsofmischief_Hotel__Motel.txt
doc_779	soulsofmischief_Yeah_It_Was_You.txt
doc_780	soulsofmischief_Where_The_Fuck_You_At_.txt
doc_781	soulsofmischief_Rock_It_Like_That.txt
doc_782	soulsofmischief_No_Man_s_Land.txt
doc_783	soulsofmischief_Times_Ain_t_Fair.txt
doc_784	soulsofmischief__94_Via_Satellite.txt
doc_785	soulsofmischief_So_You_Wanna_Be_A___.txt
doc_786	soulsofmischief_Freshdopedope.txt
doc_787	soulsofmischief_Ya_Don_t_Stop.txt
doc_788	soulsofmischief_Bumpshit.txt
doc_789	soulsofmischief_Do_You_Want_It_.txt
doc_790	soulsofmischief_Come_Anew.txt
doc_791	soulsofmischief_Fa_Sho_Fo_Real.txt
doc_792	soulsofmischief_Dirty_D_s_Theme__Hoe_Or_Die_.txt
doc_793	nwa_Sa_Prize__Part_2_.txt
doc_794	nwa_100_Miles_And_Runnin_.txt
doc_795	nwa_Real_Niggaz.txt
doc_796	nwa_Just_Don_t_Bite_It.txt
doc_797	nwa_Kamurshol.txt
doc_798	nwa_Boyz_N_The_Hood.txt
doc_799	nwa_3_The_Hard_Way.txt
doc_800	nwa_Fat_Girl.txt
doc_801	nwa_Dopeman.txt
doc_802	nwa_Tuffest_Man_Alive.txt
doc_803	nwa_L_A__Is_The_Place.txt
doc_804	nwa_A_Bitch_Iz_A_Bitch.txt
doc_805	nwa_Drink_It_Up.txt
doc_806	nwa_8_Ball.txt
doc_807	nwa_Panic_Zone.txt
doc_808	nwa_I_Ain_t_Tha_1.txt
doc_809	nwa_Gangsta_Gangsta.txt
doc_810	nwa_Dopeman__Remix_.txt
doc_811	nwa_Straight_Outta_Compton.txt
doc_812	nwa_Parental_Discretion_Iz_Advised.txt
doc_813	nwa_Express_Yourself.txt
doc_814	nwa_Fuck_The_Police.txt
doc_815	nwa_Something_2_Dance_2.txt
doc_816	nwa_Compton_s_N_The_House.txt
doc_817	nwa_Something_Like_That.txt
doc_818	nwa_Quiet_On_Tha_Set.txt
doc_819	nwa_8_Ball__Remix_.txt
doc_820	nwa_If_It_Ain_t_Ruff.txt
doc_821	nwa_Automobile.txt
doc_822	nwa_Prelude.txt
doc_823	nwa_Don_t_Drink_That_Wine.txt
doc_824	nwa_The_Dayz_Of_Wayback.txt
doc_825	nwa_One_Less_Bitch.txt
doc_826	nwa_Approach_To_Danger.txt
doc_827	nwa_I_d_Rather_Fuck_You.txt
doc_828	nwa_Appetite_For_Destruction.txt
doc_829	nwa_Findum__Fuckum__And_Flee.txt
doc_830	nwa_Always_Into_Somethin_.txt
doc_831	nwa_Real_Niggaz_Don_t_Die.txt
doc_832	nwa_She_Swallowed_It.txt
doc_833	nwa_Niggaz_4_Life.txt
doc_834	nwa_1_900_2_Compton.txt
doc_835	coolio_Get_Up__Get_Down.txt
doc_836	coolio_That_s_How_It_Is.txt
doc_837	coolio_1__2__3__4__Sumpin__New_.txt
doc_838	coolio_Gangsta_s_Paradise.txt
doc_839	coolio_A_Thing_Goin__On.txt
doc_840	coolio_Cruisin_.txt
doc_841	coolio_The_Revolution.txt
doc_842	coolio_Is_This_Me_.txt
doc_843	coolio_Bright_As_The_Sun.txt
doc_844	coolio_Recoup_This.txt
doc_845	coolio_Smilin_.txt
doc_846	coolio_Exercise_Yo_Game.txt
doc_847	coolio_Geto_Highlites.txt
doc_848	coolio_Kinda_High_Kinda_Drunk.txt
doc_849	coolio_Too_Hot.txt
doc_850	coolio_For_My_Sistas.txt
doc_851	coolio_Fucc_Coolio.txt
doc_852	coolio_Mama_I_m_In_Love_Wit_A_Gangsta.txt
doc_853	coolio_Sticky_Fingers.txt
doc_854	coolio_Can_O_Corn.txt
doc_855	coolio_Hand_On_My_Nutsac.txt
doc_856	coolio_I_Remember.txt
doc_857	coolio_On_My_Way_To_Harlem.txt
doc_858	coolio_Smokin__Stix.txt
doc_859	coolio_County_Line.txt
doc_860	coolio_Thought_You_Knew.txt
doc_861	coolio_It_Takes_A_Thief.txt
doc_862	coolio_N_Da_Closet.txt
doc_863	coolio_Ugly_Bitches.txt
doc_864	coolio_Ghetto_Cartoon.txt
doc_865	coolio_U_Know_Hoo_.txt
doc_866	coolio_Bring_Back_Somethin_Fo_Da_Hood.txt
doc_867	coolio_Fantastic_Voyage.txt
doc_868	coolio_Homeboy.txt
doc_869	coolio_The_Devil_Is_Dope.txt
doc_870	coolio_Intro.txt
doc_871	coolio_2_Minutes___21_Seconds_Of_Funk.txt
doc_872	coolio_C_U_When_U_Get_There.txt
doc_873	coolio_Can_U_Dig_It.txt
doc_874	coolio_My_Soul.txt
doc_875	coolio_Nature_Of_The_Business.txt
doc_876	coolio_Interlude.txt
doc_877	coolio_Throwndown_2000.txt
doc_878	coolio_Hit__Em.txt
doc_879	coolio_Knight_Falls.txt
doc_880	coolio_Let_s_Do_It.txt
doc_881	coolio_Can_I_Get_Down_One_Time.txt
doc_882	coolio_One_Mo.txt
doc_883	coolio_Ooh_La_La.txt
doc_884	ice_cube_Man_s_Best_Friend.txt
doc_885	ice_cube_Black_Korea.txt
doc_886	ice_cube_My_Summer_Vacation.txt
doc_887	ice_cube_Givin__Up_The_Nappy_Dug_Out.txt
doc_888	ice_cube_The_Funeral__Intro_.txt
doc_889	ice_cube_Only_One_Me.txt
doc_890	ice_cube_Horny_Little_Devil.txt
doc_891	ice_cube_Us.txt
doc_892	ice_cube_A_Bird_In_The_Hand.txt
doc_893	ice_cube_Doing_Dumb_Shit.txt
doc_894	ice_cube_No_Vaseline.txt
doc_895	ice_cube_The_Wrong_Nigga_To_Fuck_With.txt
doc_896	ice_cube_Dominate_The_Weak.txt
doc_897	ice_cube_Trying_To_Maintain.txt
doc_898	ice_cube_I_Wanna_Kill_Sam.txt
doc_899	ice_cube_Death.txt
doc_900	ice_cube_The_Birth.txt
doc_901	ice_cube_Alive_On_Arrival.txt
doc_902	ice_cube_Color_Blind.txt
doc_903	ice_cube_Look_Who_s_Burnin_.txt
doc_904	ice_cube_Good_Cop_Bad_Cop.txt
doc_905	ice_cube_True_To_The_Game.txt
doc_906	ice_cube_Steady_Mobbin.txt
doc_907	ice_cube_Robin_Lench__Interlude_.txt
doc_908	ice_cube_We_Had_To_Tear_This_Muthafucka_Up.txt
doc_909	ice_cube_Check_Yo_Self.txt
doc_910	ice_cube_Say_Hi_To_The_Bad_Guy.txt
doc_911	ice_cube_The_Predator.txt
doc_912	ice_cube_It_Was_A_Good_Day.txt
doc_913	ice_cube_Now_I_Gotta_Wet_Cha.txt
doc_914	ice_cube_Don_t_Trust__em.txt
doc_915	ice_cube_Wicked.txt
doc_916	ice_cube_When_Will_They_Shoot_.txt
doc_917	ice_cube_Dirty_Mack.txt
doc_918	ice_cube_Who_Got_The_Camera_.txt
doc_919	ice_cube_Gangsta_Fairytale_2.txt
doc_920	ice_cube_Jackin_For_Beats.txt
doc_921	ice_cube_Get_Off_My_Dick_And_Tell_Yo_Bitch_To_Come_Here__Remix_.txt
doc_922	ice_cube_Dead_Homiez.txt
doc_923	ice_cube_The_Product.txt
doc_924	ice_cube_Turn_Off_The_Radio.txt
doc_925	ice_cube_Once_Upon_A_Time_In_The_Projects.txt
doc_926	ice_cube_I_m_Only_Out_For_One_Thang.txt
doc_927	ice_cube_Who_s_The_Mack_.txt
doc_928	ice_cube_Tales_From_The_Darkside.txt
doc_929	ice_cube_Rollin__Wit_The_Lench_Mob.txt
doc_930	ice_cube_What_They_Hittin__Foe_.txt
doc_931	ice_cube_The_Bomb.txt
doc_932	ice_cube_It_s_A_Man_s_World.txt
doc_933	ice_cube_AmeriKKKa_s_Most_Wanted.txt
doc_934	ice_cube_You_Can_t_Fade_Me.txt
doc_935	ice_cube_A_Gangsta_s_Fairytale.txt
doc_936	ice_cube_The_Nigga_Ya_Love_To_Hate.txt
doc_937	ice_cube_Get_Off_My_Dick_And_Tell_Yo_Bitch_To_Come_Here.txt
doc_938	ice_cube_Down_For_Whatever.txt
doc_939	ice_cube_Cave_Bitch.txt
doc_940	ice_cube_Make_It_Ruff__Make_It_Smooth.txt
doc_941	ice_cube_Enemy.txt
doc_942	ice_cube_The_Shot__Intro_.txt
doc_943	ice_cube_Lil_Ass_Gee.txt
doc_944	ice_cube_Ghetto_Bird.txt
doc_945	ice_cube_You_Know_How_We_Do_It.txt
doc_946	ice_cube_Really_Doe.txt
doc_947	ice_cube_Heaven.txt
doc_948	ice_cube_What_Can_I_Do_.txt
doc_949	ice_cube_Bop_Gun__One_Nation_.txt
doc_950	too_short_Cocktales.txt
doc_951	too_short_Sample_The_Funk.txt
doc_952	too_short_Don_t_Fuck_For_Free.txt
doc_953	too_short_We_Do_This.txt
doc_954	too_short_Coming_Up__hort.txt
doc_955	too_short_Giving_Up_The_Funk.txt
doc_956	too_short_Game.txt
doc_957	too_short_Top_Down.txt
doc_958	too_short_Thangs_Change.txt
doc_959	too_short_Paystyle.txt
doc_960	too_short_Ain_t_Nothing_Like_Pimpin_.txt
doc_961	too_short_Can_I_Get_A_Bitch.txt
doc_962	too_short_That_s_Why.txt
doc_963	too_short_I_Must_Confess.txt
doc_964	too_short_So_Watcha_Sayin_.txt
doc_965	too_short_Survivin__The_Game.txt
doc_966	too_short_Bad_Ways.txt
doc_967	too_short_Nasty_Rhymes.txt
doc_968	too_short_Baby_D.txt
doc_969	too_short_Never_Talk_Down.txt
doc_970	too_short_Fuck_My_Car.txt
doc_971	too_short_Pimp_Me.txt
doc_972	too_short_Buy_You_Some.txt
doc_973	too_short_Gettin__It.txt
doc_974	too_short_Take_My_Bitch.txt
doc_975	too_short_Cusswords.txt
doc_976	too_short_I_Ain_t_Trippin_.txt
doc_977	too_short_Life_Is____Too_Short.txt
doc_978	too_short_Oakland.txt
doc_979	too_short_Rhymes.txt
doc_980	too_short_Don_t_Fight_The_Feelin_.txt
doc_981	too_short_Pimp_The_Hoe.txt
doc_982	too_short_City_Of_Dope.txt
doc_983	too_short_Nobody_Does_It_Better.txt
doc_984	too_short_Money_In_The_Ghetto.txt
doc_985	too_short_All_My_Bitches_Are_Gone.txt
doc_986	too_short_It_s_All_Good.txt
doc_987	too_short_Get_In_Where_You_Fit_In.txt
doc_988	too_short_Just_Another_Day.txt
doc_989	too_short_I_m_A_Player.txt
doc_990	too_short_Gotta_Get_Some_Lovin_.txt
doc_991	too_short_Way_Too_Real.txt
doc_992	too_short_The_Dangerous_Crew.txt
doc_993	too_short_Oakland_Style.txt
doc_994	too_short_Don_t_Fight_The_Intro.txt
doc_995	too_short_Freaky_Tales.txt
doc_996	too_short_Little_Girls.txt
doc_997	too_short_Mack_Attack.txt
doc_998	too_short_Dope_Fiend_Beat.txt
doc_999	too_short_Partytime.txt
doc_1000	too_short_Dead_Or_Alive.txt
doc_1001	too_short_The_Ghetto.txt
doc_1002	too_short_In_The_Oaktown.txt
doc_1003	too_short_Short_But_Funky.txt
doc_1004	too_short_Rap_Like_Me.txt
doc_1005	too_short_Pimpology.txt
doc_1006	too_short_Ain_t_Nothin__But_A_Word_To_Me.txt
doc_1007	too_short_Short_Dog_s_In_The_House.txt
doc_1008	too_short_Punk_Bitch.txt
doc_1009	too_short_Paula___Janet.txt
doc_1010	too_short_Hard_On_The_Boulevard.txt
doc_1011	too_short_It_s_Your_Life.txt
doc_1012	snoop_dogg_You_Betta_Ask_Somebody__Gz_And_Hustlas_Intro_.txt
doc_1013	snoop_dogg_Gz_And_Hustlas.txt
doc_1014	snoop_dogg_Ain_t_No_Fun__If_The_Homies_Can_t_Have_None_.txt
doc_1015	snoop_dogg_Gz_Up__Hoes_Down.txt
doc_1016	snoop_dogg_Chronic_Break.txt
doc_1017	snoop_dogg_Murder_Was_The_Case__DeathAfterVisualizingEternity_.txt
doc_1018	snoop_dogg_For_All_My_Niggaz___Bitches.txt
doc_1019	snoop_dogg_Lodi_Dodi_Intro.txt
doc_1020	snoop_dogg_G_Funk_Intro.txt
doc_1021	snoop_dogg_Bathtub.txt
doc_1022	snoop_dogg_Pump_Pump.txt
doc_1023	snoop_dogg_Lodi_Dodi.txt
doc_1024	snoop_dogg_Gin_And_Juice.txt
doc_1025	snoop_dogg_Doggy_Dogg_World.txt
doc_1026	snoop_dogg_U_Betta_Recognize__Pump_Pump_Intro_.txt
doc_1027	snoop_dogg_Serial_Killa.txt
doc_1028	snoop_dogg_Tha_Shiznit.txt
doc_1029	snoop_dogg_W_Balls.txt
doc_1030	snoop_dogg_Who_Am_I__What_s_My_Name__.txt
doc_1031	snoop_dogg_Downtown_Assassins.txt
doc_1032	snoop_dogg__O_J___Wake_Up.txt
doc_1033	snoop_dogg_Sixx_Minutes.txt
doc_1034	snoop_dogg_Groupie.txt
doc_1035	snoop_dogg_2001.txt
doc_1036	snoop_dogg_Blueberry.txt
doc_1037	snoop_dogg_Outro.txt
doc_1038	snoop_dogg_Intro.txt
doc_1039	snoop_dogg_Snoop_s_Upside_Ya_Head.txt
doc_1040	snoop_dogg_When_I_Grow_Up.txt
doc_1041	snoop_dogg_Up_Jump_Tha_Boogie.txt
doc_1042	snoop_dogg__Tear__Em_Off__Me___My_Doggz.txt
doc_1043	snoop_dogg_Snoop_Bounce.txt
doc_1044	snoop_dogg_Gold_Rush.txt
doc_1045	snoop_dogg_Vapors.txt
doc_1046	snoop_dogg_Ride_4_Me.txt
doc_1047	snoop_dogg_Tha_Doggfather.txt
doc_1048	snoop_dogg_Doggyland.txt
doc_1049	snoop_dogg_Freestyle_Conversation.txt
doc_1050	snoop_dogg_Traffic_Jam.txt
doc_1051	snoop_dogg_You_Thought.txt
doc_1052	luniz_Playa_Hata.txt
doc_1053	luniz_So_Much_Drama.txt
doc_1054	luniz_Broke_Niggaz.txt
doc_1055	luniz_Operation_Stackola.txt
doc_1056	luniz_5150.txt
doc_1057	luniz_She_s_Just_A_Freak.txt
doc_1058	luniz_Yellow_Brick_Road.txt
doc_1059	luniz_900_Blame_A_Nigga.txt
doc_1060	luniz_Pimps__Playas___Hustlas.txt
doc_1061	luniz_Put_The_Lead_On_Ya.txt
doc_1062	luniz_I_Got_5_On_It__Reprise_.txt
doc_1063	luniz_I_Got_5_On_It.txt
doc_1064	luniz_Broke_Ho_s.txt
doc_1065	luniz_Plead_Guilty.txt
doc_1066	pac_Me_Against_The_World.txt
doc_1067	pac_So_Many_Tears_2.txt
doc_1068	pac_Me_Against_The_World_2.txt
doc_1069	pac_If_I_Die_2Nite.txt
doc_1070	pac_Dear_Mama_2.txt
doc_1071	pac_Death_Around_The_Corner.txt
doc_1072	pac_So_Many_Tears.txt
doc_1073	pac_Fuck_The_World.txt
doc_1074	pac_Lord_Knows.txt
doc_1075	pac_It_Ain_t_Easy.txt
doc_1076	pac_Old_School.txt
doc_1077	pac_Outlaw.txt
doc_1078	pac_Temptations.txt
doc_1079	pac_Can_U_Get_Away.txt
doc_1080	pac_Young_Niggaz.txt
doc_1081	pac_Temptations_2.txt
doc_1082	pac_Dear_Mama.txt
doc_1083	pac_Heavy_In_The_Game.txt
doc_1084	pac_Thug_Passion.txt
doc_1085	pac_I_Ain_t_Mad_At_Cha_2.txt
doc_1086	pac_Life_Goes_On_2.txt
doc_1087	pac_Got_My_Mind_Made_Up.txt
doc_1088	pac_All_Eyez_On_Me.txt
doc_1089	pac_Heartz_Of_Men.txt
doc_1090	pac_Heaven_Ain_t_Hard_2_Find.txt
doc_1091	pac_Picture_Me_Rollin_.txt
doc_1092	pac_2_Of_Amerikaz_Most_Wanted.txt
doc_1093	pac_All_Bout_U_2.txt
doc_1094	pac_California_Love_2.txt
doc_1095	pac_When_We_Ride.txt
doc_1096	pac_Ambitionz_Az_A_Ridah.txt
doc_1097	pac_I_Ain_t_Mad_At_Cha.txt
doc_1098	pac_What_z_Ya_Phone__.txt
doc_1099	pac_All_Bout_U.txt
doc_1100	pac_How_Do_You_Want_It_2.txt
doc_1101	pac_Life_Goes_On.txt
doc_1102	pac_California_Love.txt
doc_1103	pac_Only_God_Can_Judge_Me.txt
doc_1104	pac_How_Do_You_Want_It.txt
doc_1105	pac_Ain_t_Hard_2_Find.txt
doc_1106	pac_Wonder_Why_They_Call_U.txt
doc_1107	pac_No_More_Pain.txt
doc_1108	pac_Ratha_Be_Ya_Nigga.txt
doc_1109	pac_Heartz_Of_Men_2.txt
doc_1110	pac_Skandalouz.txt
doc_1111	pac_Check_Out_Time.txt
doc_1112	pac_Shorty_Wanna_Be_A_Thug.txt
doc_1113	pac_Run_Tha_Streetz.txt
doc_1114	pac_Can_t_C_Me.txt
doc_1115	pac_Picture_Me_Rollin__2.txt
doc_1116	pac_2_Of_Amerikaz_Most_Wanted_2.txt
doc_1117	pac_Holla_At_Me.txt
doc_1118	pac_Tradin_War_Stories.txt
doc_1119	pac_Pac_s_Theme__Interlude_.txt
doc_1120	pac_Flex.txt
doc_1121	pac_I_Get_Around_2.txt
doc_1122	pac_Last_Wordz.txt
doc_1123	pac_Papa_z_Song.txt
doc_1124	pac_Souljah_s_Revenge.txt
doc_1125	pac_I_Get_Around.txt
doc_1126	pac_Holler_If_Ya__Hear_Me__New_York_Stretch_Mix_.txt
doc_1127	pac_Point_The_Finga.txt
doc_1128	pac_Peep_Game.txt
doc_1129	pac_Keep_Ya_Head_Up_2.txt
doc_1130	pac_Keep_Ya_Head_Up.txt
doc_1131	pac_5_Deadly_Venomz.txt
doc_1132	pac_Strictly_4_My_N_I_G_G_A_Z_.txt
doc_1133	pac_Representin__93.txt
doc_1134	pac_I_Get_Around__Remix_.txt
doc_1135	pac_Holla_If_Ya_Hear_Me.txt
doc_1136	pac_Papa_z_Song__Vibe_Tribe_Remix_.txt
doc_1137	pac_Keep_Ya_Head_Up__Madukey_Remix_.txt
doc_1138	pac_The_Streetz_R_Deathrow.txt
doc_1139	pac_Let_s_Get_It_On.txt
doc_1140	pac_Strugglin_.txt
doc_1141	pac_Guess_Who_s_Back.txt
doc_1142	pac_Something_2_Die_4__Interlude_.txt
doc_1143	pac_Hail_Mary.txt
doc_1144	pac_To_Live___Die_In_L_A_.txt
doc_1145	pac_Against_All_Odds.txt
doc_1146	pac_Krazy.txt
doc_1147	pac_To_Live___Die_In_L_A__2.txt
doc_1148	pac_Hold_Ya_Head.txt
doc_1149	pac_Toss_It_Up_2.txt
doc_1150	pac_Hail_Mary_2.txt
doc_1151	pac_Blasphemy.txt
doc_1152	pac_Me_And_My_Girlfriend.txt
doc_1153	pac_Just_Like_Daddy.txt
doc_1154	pac_Toss_It_Up.txt
doc_1155	pac_Intro_Bomb_First__My_Second_Reply_.txt
doc_1156	pac_White_Man_s_World.txt
doc_1157	pac_Life_Of_An_Outlaw.txt
doc_1158	pac_I_Don_t_Give_A_Fuck.txt
doc_1159	pac_Young_Black_Male.txt
doc_1160	pac_Brenda_s_Got_A_Baby.txt
doc_1161	pac_Crooked_Ass_Nigga.txt
doc_1162	pac_Tha_Lunatic.txt
doc_1163	pac_Trapped_2.txt
doc_1164	pac_Trapped.txt
doc_1165	pac_Part_Time_Mutha.txt
doc_1166	pac_Violent.txt
doc_1167	pac_Something_Wicked.txt
doc_1168	pac_If_My_Homie_Calls.txt
doc_1169	pac_Rebel_Of_The_Underground.txt
doc_1170	pac_Soulja_s_Story.txt
doc_1171	pac_Words_Of_Wisdom.txt
doc_1172	pac_Brenda_s_Got_A_Baby_2.txt
doc_1173	pac_The_Good_Die_Young.txt
doc_1174	pac_Still_I_Rise.txt
doc_1175	pac_Teardrops_And_Closed_Caskets.txt
doc_1176	pac_Killuminati.txt
doc_1177	pac_Hell_4_A_Hustler.txt
doc_1178	pac_Black_Jesuz.txt
doc_1179	pac_Letter_To_The_President.txt
doc_1180	pac_Homeboyz.txt
doc_1181	pac_Baby_Don_t_Cry__Keep_Ya_Head_Up_II_.txt
doc_1182	pac_High_Speed.txt
doc_1183	pac_U_Can_Be_Touched.txt
doc_1184	pac_Tattoo_Tears.txt
doc_1185	pac_As_The_World_Turns.txt
doc_1186	pac_Secretz_Of_War.txt
doc_1187	pac_Y_all_Don_t_Know_Us.txt
doc_1188	cypress_hill_Make_A_Move.txt
doc_1189	cypress_hill_Everybody_Must_Get_Stoned.txt
doc_1190	cypress_hill_Throw_Your_Set_In_The_Air.txt
doc_1191	cypress_hill_Killa_Hill_Niggas.txt
doc_1192	cypress_hill_Killafornia.txt
doc_1193	cypress_hill_Locotes.txt
doc_1194	cypress_hill_Boom_Biddy_Bye_Bye.txt
doc_1195	cypress_hill_No_Rest_For_The_Wicked.txt
doc_1196	cypress_hill_Strictly_Hip_Hop.txt
doc_1197	cypress_hill_Let_It_Rain.txt
doc_1198	cypress_hill_Spark_Another_Owl.txt
doc_1199	cypress_hill_Smuggler_s_Blues.txt
doc_1200	cypress_hill_Red_Light_Visions.txt
doc_1201	cypress_hill_Stoned_Raiders.txt
doc_1202	cypress_hill_Funk_Freakers.txt
doc_1203	cypress_hill_Illusions.txt
doc_1204	cypress_hill_Cock_The_Hammer.txt
doc_1205	cypress_hill_I_Ain_t_Goin__Out_Like_That.txt
doc_1206	cypress_hill_Break__Em_Off_Some.txt
doc_1207	cypress_hill_Lick_A_Shot.txt
doc_1208	cypress_hill_When_The_Shit_Goes_Down.txt
doc_1209	cypress_hill_Hand_On_The_Glock.txt
doc_1210	cypress_hill_Legalize_It.txt
doc_1211	cypress_hill_What_Go_Around_Come_Around__Kid.txt
doc_1212	cypress_hill_3_Lil__Putos.txt
doc_1213	cypress_hill_Loco_En_El_Coco__Insane_In_The_Brain___Spanish_Version_.txt
doc_1214	cypress_hill_I_Wanna_Get_High.txt
doc_1215	cypress_hill_A_To_The_K.txt
doc_1216	cypress_hill_Scooby_Doo.txt
doc_1217	cypress_hill_Insane_In_The_Brain.txt
doc_1218	cypress_hill_Hits_From_The_Bong.txt
doc_1219	cypress_hill_The_Phuncky_Feel_One.txt
doc_1220	cypress_hill_Latin_Lingo_2.txt
doc_1221	cypress_hill_Break_It_Up.txt
doc_1222	cypress_hill_The_Funky_Cypress_Hill_Shit.txt
doc_1223	cypress_hill_Real_Estate.txt
doc_1224	cypress_hill_Psycobetabuckdown.txt
doc_1225	cypress_hill_Tres_Equis.txt
doc_1226	cypress_hill_Light_Another.txt
doc_1227	cypress_hill_Born_To_Get_Busy.txt
doc_1228	cypress_hill_Pigs.txt
doc_1229	cypress_hill_Tres_Equis_2.txt
doc_1230	cypress_hill_Latin_Lingo.txt
doc_1231	cypress_hill_Hand_On_The_Pump.txt
doc_1232	cypress_hill_Hole_In_The_Head.txt
doc_1233	cypress_hill_Ultraviolet_Dreams.txt
doc_1234	cypress_hill_How_I_Could_Just_Kill_A_Man.txt
doc_1235	cypress_hill_Something_For_The_Blunted.txt
doc_1236	cypress_hill_Stoned_Is_The_Way_Of_The_Walk.txt
doc_1237	eazy_e_Automobile.txt
doc_1238	eazy_e_I_d_Rather_Fuck_You.txt
doc_1239	eazy_e_Eazy_Street.txt
doc_1240	eazy_e_8_Ball.txt
doc_1241	eazy_e_No_More___s.txt
doc_1242	eazy_e_Eazy_Duz_It.txt
doc_1243	eazy_e_Nobody_Move_2.txt
doc_1244	eazy_e_Boyz_N_The_Hood__Remix__2.txt
doc_1245	eazy_e_We_Want_Eazy.txt
doc_1246	eazy_e_Eazy_Er_Said_Than_Dunn_2.txt
doc_1247	eazy_e_Radio.txt
doc_1248	eazy_e_Boyz_N_The_Hood__Remix_.txt
doc_1249	eazy_e_2_Hard_Mutha_s.txt
doc_1250	eazy_e_Radio_2.txt
doc_1251	eazy_e_Ruthless_Villain.txt
doc_1252	eazy_e_Eazy_Er_Said_Than_Dunn.txt
doc_1253	eazy_e_Still_Talkin_.txt
doc_1254	eazy_e_Eazy_Duz_It_2.txt
doc_1255	eazy_e_I_mma_Break_It_Down.txt
doc_1256	eazy_e_Nobody_Move.txt
doc_1257	eazy_e_Eazy_Chapter_8_Verse_10__B_U_L_L_S_H_I_T__.txt
doc_1258	eazy_e_We_Want_Eazy_2.txt
doc_1259	eazy_e_No_More___s_2.txt
doc_1260	eazy_e_Boyz_N_Tha_Hood__G_Mix_.txt
doc_1261	eazy_e_Gimmie_That_Nutt.txt
doc_1262	eazy_e_Real_Muthaphuckkin_G_s.txt
doc_1263	eazy_e_Still_A_Nigga.txt
doc_1264	eazy_e_Down_2_Tha_Last_Roach.txt
doc_1265	eazy_e_It_s_On.txt
doc_1266	eazy_e_Amy_Last_Wordz.txt
doc_1267	eazy_e_My_Baby_z_Mama.txt
doc_1268	eazy_e_Ole_School_Shit.txt
doc_1269	eazy_e_Sorry_Louie.txt
doc_1270	eazy_e_Creep_N_Crawl.txt
doc_1271	eazy_e_Gangsta_Beat_4_Tha_Street.txt
doc_1272	eazy_e_Sippin_On_A_40.txt
doc_1273	eazy_e_Hit_The_Hooker.txt
doc_1274	eazy_e_First_Power.txt
doc_1275	eazy_e_Just_Tah_Let_U_Know.txt
doc_1276	eazy_e_Wut_Would_You_Do.txt
doc_1277	eazy_e_Eternal_E.txt
doc_1278	eazy_e_Tha_Muthaphukkin__Real.txt
doc_1279	eazy_e_Licking__Sucking__Fucking.txt
doc_1280	eazy_e_Nutz_On_Ya_Chin.txt
doc_1281	digital_underground_Gutfest__89.txt
doc_1282	digital_underground_Doowutchyalike.txt
doc_1283	digital_underground_Sex_Packets.txt
doc_1284	digital_underground_The_Way_We_Swing.txt
doc_1285	digital_underground_Rhymin__On_The_Funk.txt
doc_1286	digital_underground_Freaks_Of_The_Industry.txt
doc_1287	digital_underground_The_Packet_Man.txt
doc_1288	digital_underground_The_Humpty_Dance.txt
doc_1289	digital_underground_The_Danger_Zone.txt
doc_1290	digital_underground_The_Higher_Heights_Of_Spirituality.txt
doc_1291	digital_underground_Sons_Of_The_P.txt
doc_1292	digital_underground_Heartbeat_Props.txt
doc_1293	digital_underground_No_Nose_Job.txt
doc_1294	digital_underground_Flowin__On_The_D_Line.txt
doc_1295	digital_underground_Family_Of_The_Underground.txt
doc_1296	digital_underground_The_DFLO_Shuttle.txt
doc_1297	digital_underground_Tales_Of_The_Funky.txt
doc_1298	digital_underground_Good_Thing_We_re_Rappin_.txt
doc_1299	digital_underground_Kiss_You_Back.txt
doc_1300	digital_underground_Bran_Nu_Swetta.txt
doc_1301	digital_underground_The_Return_Of_The_Crazy_One.txt
doc_1302	digital_underground_Digital_Lover.txt
doc_1303	digital_underground_Body_Hats__Part_Two_.txt
doc_1304	digital_underground_Holly_Wanstaho.txt
doc_1305	digital_underground_Body_Hats__Part_One_.txt
doc_1306	digital_underground_Wussup_Wit_The_Luv.txt
doc_1307	digital_underground_Wheee_.txt
doc_1308	digital_underground_Dope_A_Delic__Do_U_B_Leeve_In_D_Flo__.txt
doc_1309	digital_underground_Body_Hats__Part_Three_.txt
doc_1310	digital_underground_Circus_Exit__The_After_Nut_.txt
doc_1311	digital_underground_Doo_Woo_You.txt
doc_1312	digital_underground_Jerkit_Circus.txt
doc_1313	digital_underground_Do_Ya_Like_Dirty_.txt
doc_1314	digital_underground_Circus_Entrance.txt
doc_1315	digital_underground_Intermission.txt
doc_1316	digital_underground_Shake___Bake.txt
doc_1317	digital_underground_Stylin_.txt
doc_1318	digital_underground_Want_It_All.txt
doc_1319	digital_underground_Walk_Real_Kool.txt
doc_1320	digital_underground_Oregano_Flow.txt
doc_1321	digital_underground_Rumpty_Rump.txt
doc_1322	digital_underground_Hokis_Pokis__A_Classic_Case_.txt
doc_1323	digital_underground_Future_Rhythm.txt
doc_1324	digital_underground_Food_Fight.txt
doc_1325	digital_underground_Hella_Bump.txt
doc_1326	digital_underground_Fool_Get_A_Clue.txt
doc_1327	digital_underground_We_Got_More.txt
doc_1328	warren_g__This_D_J_.txt
doc_1329	warren_g__And_Ya_Don_t_Stop.txt
doc_1330	warren_g__So_Many_Ways.txt
doc_1331	warren_g__This_Is_The_Shack.txt
doc_1332	warren_g__Super_Soul_Sis.txt
doc_1333	warren_g__Recognize.txt
doc_1334	warren_g__Regulate.txt
doc_1335	warren_g__What_s_Next.txt
doc_1336	warren_g__Runnin__Wit_No_Breaks.txt
doc_1337	warren_g__Do_You_See.txt
doc_1338	ice-t_Power.txt
doc_1339	ice-t_Outro.txt
doc_1340	ice-t_Intro.txt
doc_1341	ice-t_I_m_Your_Pusher.txt
doc_1342	ice-t_High_Rollers.txt
doc_1343	ice-t_Grand_Larceny.txt
doc_1344	ice-t_Personal.txt
doc_1345	ice-t_The_Syndicate.txt
doc_1346	ice-t_Drama.txt
doc_1347	ice-t_Soul_On_Ice.txt
doc_1348	ice-t_Heartbeat.txt
doc_1349	ice-t_Radio_Suckers.txt
doc_1350	ice-t_Girls_L_G_B_N_A_F_.txt
doc_1351	ice-t_Dear_Homie.txt
doc_1352	ice-t_Rap_Games_Hijacked.txt
doc_1353	ice-t_Haters.txt
doc_1354	ice-t_Where_The_Shit_Goes_Down_.txt
doc_1355	ice-t_Return_Of_The_Real.txt
doc_1356	ice-t_Inside_Of_A_Gangsta.txt
doc_1357	ice-t_Forced_To_Do_Dirt.txt
doc_1358	ice-t_Bouncin__Down_The_Strezeet.txt
doc_1359	ice-t_Make_The_Loot_Loop.txt
doc_1360	ice-t_A_Lotta_Niggas.txt
doc_1361	ice-t_It_s_Goin__Down.txt
doc_1362	ice-t_The_Lane.txt
doc_1363	ice-t_Real_.txt
doc_1364	ice-t_The_5th.txt
doc_1365	ice-t_Cramp_Your_Style.txt
doc_1366	ice-t_I_Must_Stand.txt
doc_1367	ice-t_Rap_Is_Fake.txt
doc_1368	ice-t_Syndicate_4_Ever.txt
doc_1369	ice-t_They_Want_Me_Back_In.txt
doc_1370	ice-t_Pimp_Anthem.txt
doc_1371	ice-t_How_Does_It_Feel.txt
doc_1372	ice-t_Sex.txt
doc_1373	ice-t_I_Love_Ladies.txt
doc_1374	ice-t_Somebody_Gotta_Do_It__Pimpin__Ain_t_Easy____.txt
doc_1375	ice-t_Pain.txt
doc_1376	ice-t_Intro_Rhyme_Pays.txt
doc_1377	ice-t_6_n_The_Mornin_.txt
doc_1378	ice-t_Make_it_Funky.txt
doc_1379	ice-t_Squeeze_the_Trigger.txt
doc_1380	ice-t_Our_Most_Requested_Record.txt
doc_1381	ice-t_409.txt
doc_1382	ice-t_Somebody_Gotta_Do_It__Pimpin__Ain_t_Easy______12_Mix_.txt
doc_1383	ice-t_Bitches_2.txt
doc_1384	ice-t_Mic_Contract.txt
doc_1385	ice-t_Fried_Chicken.txt
doc_1386	ice-t_Midnight.txt
doc_1387	ice-t_Pulse_Of_The_Rhyme.txt
doc_1388	ice-t_Body_Count.txt
doc_1389	ice-t_Prepared_To_Die.txt
doc_1390	ice-t_The_House.txt
doc_1391	ice-t_Ziplock.txt
doc_1392	ice-t_Mind_Over_Matter.txt
doc_1393	ice-t_O_G__Original_Gangster.txt
doc_1394	ice-t_First_Impression.txt
doc_1395	ice-t_The_Tower.txt
doc_1396	ice-t_Fly_By.txt
doc_1397	ice-t_Straight_Up_Nigga.txt
doc_1398	ice-t_Street_Killer.txt
doc_1399	ice-t_Escape_From_The_Killing_Fields.txt
doc_1400	ice-t_Evil_E_What_About_Sex_.txt
doc_1401	ice-t_Ya_Shoulda_Killed_Me_Last_Year.txt
doc_1402	ice-t_Lifestyles_Of_The_Rich_And_Infamous.txt
doc_1403	ice-t_Ed.txt
doc_1404	ice-t_New_Jack_Hustler.txt
doc_1405	ice-t_M_V_P_S_.txt
doc_1406	ice-t_Home_Of_The_Bodybag.txt
doc_1407	The Iceberg_The_Iceberg.txt
doc_1408	The Iceberg_You_Played_Yourself.txt
doc_1409	The Iceberg_Lethal_Weapon.txt
doc_1410	The Iceberg_Hit_The_Deck.txt
doc_1411	The Iceberg_Freedom_Of_Speech.txt
doc_1412	The Iceberg_My_Word_Is_Bond.txt
doc_1413	The Iceberg_Peel_Their_Caps_Back.txt
doc_1414	The Iceberg_Shut_Up__Be_Happy.txt
doc_1415	The Iceberg_The_Hunted_Child.txt
doc_1416	The Iceberg_What_Ya_Wanna_Do_.txt
doc_1417	The Iceberg_The_Girl_Tried_To_Kill_Me.txt
doc_1418	The Iceberg_This_One_s_For_Me.txt
doc_1419	ice-t_Hit_The_Fan.txt
doc_1420	ice-t_Race_War.txt
doc_1421	ice-t_Addicted_To_Danger.txt
doc_1422	ice-t_Message_To_The_Soldier.txt
doc_1423	ice-t_Warning.txt
doc_1424	ice-t_Pimp_Behind_The_Wheels.txt
doc_1425	ice-t_Ain_t_A_Damn_Thing_Changed.txt
doc_1426	ice-t_G_Style.txt
doc_1427	ice-t_That_s_How_I_m_Livin.txt
doc_1428	ice-t_Question_And_Answer.txt
doc_1429	ice-t_Ice_M_F__T.txt
doc_1430	ice-t_99_Problems.txt
doc_1431	ice-t_Depths_Of_Hell.txt
doc_1432	ice-t_It_s_On.txt
doc_1433	ice-t_Gotta_Lotta_Love.txt
doc_1434	ice-t_Home_Invasion.txt
doc_1435	ice-t_I_Ain_t_New_To_This.txt
doc_1436	ice-t_Watch_The_Ice_Break.txt
doc_1437	ice-t_Funky_Gripsta.txt
doc_1438	westside_connection_Westward_Ho.txt
doc_1439	westside_connection_King_Of_The_Hill.txt
doc_1440	westside_connection_Do_You_Like_Criminals.txt
doc_1441	westside_connection_Gangstas_Make_The_World_Go_Round.txt
doc_1442	westside_connection_3_Time_Felons.txt
doc_1443	westside_connection_The_Gangsta__The_Killa_And_The_Dope_Dealer.txt
doc_1444	westside_connection_Gangstas_Don_t_Dance__Insert_.txt
doc_1445	westside_connection_All_The_Critics_In_New_York.txt
doc_1446	westside_connection_Cross__Em_Out_And_Put_A__K.txt
doc_1447	westside_connection_Bow_Down.txt
doc_1448	westside_connection_The_Pledge__Insert_.txt
doc_1449	westside_connection_Hoo_Bangin___WSCG_Style_.txt
doc_1450	westside_connection_World_Domination__Intro_.txt
doc_1451	the_pharcyde_Emerald_Butterfly.txt
doc_1452	the_pharcyde_Devil_Music.txt
doc_1453	the_pharcyde_Runnin_.txt
doc_1454	the_pharcyde_Little_D.txt
doc_1455	the_pharcyde_Moment_In_Time.txt
doc_1456	the_pharcyde_Pharcyde.txt
doc_1457	the_pharcyde_She_Said.txt
doc_1458	the_pharcyde_It_s_All_Good_.txt
doc_1459	the_pharcyde_The_Hustle.txt
doc_1460	the_pharcyde_Groupie_Therapy.txt
doc_1461	the_pharcyde_Splattitorium.txt
doc_1462	the_pharcyde_Just_Don_t_Matter.txt
doc_1463	the_pharcyde_Hey_You.txt
doc_1464	the_pharcyde_All_Live.txt
doc_1465	the_pharcyde_Bullshit.txt
doc_1466	the_pharcyde_Drop.txt
doc_1467	the_pharcyde_Y_.txt
doc_1468	the_pharcyde_Somethin__That_Means_Somethin_.txt
doc_1469	the_pharcyde_Heart___Soul.txt
doc_1470	the_pharcyde_The_E_N_D_.txt
doc_1471	the_pharcyde_Ya_Mama.txt
doc_1472	the_pharcyde_I_m_That_Type_Of_Nigga.txt
doc_1473	the_pharcyde_Otha_Fish.txt
doc_1474	the_pharcyde_Oh_Shit.txt
doc_1475	the_pharcyde_4_Better_Or_4_Worse.txt
doc_1476	the_pharcyde_Officer.txt
doc_1477	the_pharcyde_Quinton_s_On_The_Way__Skit_.txt
doc_1478	the_pharcyde_It_s_Jiggaboo_Time__Skit_.txt
doc_1479	the_pharcyde_On_The_DL.txt
doc_1480	the_pharcyde_Pork.txt
doc_1481	the_pharcyde_Return_Of_The_B_Boy.txt
doc_1482	the_pharcyde_If_I_Were_President__Skit_.txt
doc_1483	the_pharcyde_Pack_The_Pipe.txt
doc_1484	the_pharcyde_Passing_Me_By.txt
doc_1485	the_pharcyde_Pack_The_Pipe__Interlude_.txt
doc_1486	the_pharcyde_Soul_Flower__Remix_.txt
doc_1487	Dr.Dre_Blunt_Time.txt
doc_1488	Dr.Dre_L_A_W___Lyrical_Assault_Weapon_.txt
doc_1489	Dr.Dre_Str_8_Gone.txt
doc_1490	Dr.Dre_Please.txt
doc_1491	Dr.Dre_Do_4_Love.txt
doc_1492	Dr.Dre_Nationowl.txt
doc_1493	Dr.Dre_East_Coast_West_Coast_Killas.txt
doc_1494	Dr.Dre_Aftermath__The_Intro_.txt
doc_1495	Dr.Dre_As_The_World_Keeps_Turning.txt
doc_1496	Dr.Dre_Shittin__On_The_World.txt
doc_1497	Dr.Dre_Been_There__Done_That.txt
doc_1498	Dr.Dre_No_Second_Chance.txt
doc_1499	Dr.Dre_Fame.txt
doc_1500	Dr.Dre_Got_Me_Open.txt
doc_1501	Dr.Dre_Choices.txt
doc_1502	Dr.Dre_Lyrical_Gangbang.txt
doc_1503	Dr.Dre_The_Chronic__Intro_.txt
doc_1504	Dr.Dre_Let_Me_Ride.txt
doc_1505	Dr.Dre_Lil__Ghetto_Boy.txt
doc_1506	Dr.Dre_Stranded_On_Death_Row.txt
doc_1507	Dr.Dre_Fuck_Wit_Dre_Day.txt
doc_1508	Dr.Dre_High_Powered.txt
doc_1509	Dr.Dre_Nuthin_But_A_G_Thang.txt
doc_1510	Dr.Dre_The_Day_The_Niggaz_Took_Over.txt
doc_1511	Dr.Dre_A_Nigga_Witta_Gun.txt
doc_1512	Dr.Dre_Deeez_Nuuuts.txt
doc_1513	Dr.Dre_Bitches_Ain_t_Shit.txt
doc_1514	Dr.Dre_The_Roach__The_Chronic_Outro_.txt
doc_1515	Dr.Dre_Rat_Tat_Tat_Tat.txt
doc_1516	mack_10_Foe_Life.txt
doc_1517	mack_10_Armed___Dangerous.txt
doc_1518	mack_10_Pigeon_Coup.txt
doc_1519	mack_10_Niggas_Dog_Scrapping.txt
doc_1520	mack_10_Mozi_Wozi.txt
doc_1521	mack_10_10_Million_Ways.txt
doc_1522	mack_10_Chicken_Hawk.txt
doc_1523	mack_10_Mack_10_s_The_Name.txt
doc_1524	mack_10_Mickey_D_s_Lick__Intro_.txt
doc_1525	mack_10_Wanted_Dead.txt
doc_1526	mack_10_H_O_E_K.txt
doc_1527	mack_10_Westside_Slaughterhouse.txt
doc_1528	mack_10_On_Them_Thangs.txt
doc_1529	mack_10_Here_Comes_The_G.txt
